account_number,interest_rate,balance,interest_earned
12345,5,5000.285394643639,0.05708023189967739
12345678,5,10000.228311805426,0.11415655428368884
1234,5,100.00228311805425,0.0011415655428368883
